rank,uri,artist_names,track_name,source,peak_rank,previous_rank,weeks_on_chart,streams
1,"spotify:track:7x9aauaA9cu6tyfpHnqDLo","Jung Kook, Latto","Seven (feat. Latto)","BIGHIT MUSIC",1,1,2,"76886669"
2,"spotify:track:7ABLbnD53cQK00mhcaOUVG","Myke Towers","LALA","WEA Latina",1,2,4,"39567286"
3,"spotify:track:5L3ecxQnQ9qTBmnLQiwf0C","Travis Scott, Bad Bunny, The Weeknd","K-POP","Cactus Jack/Epic",3,-1,1,"33136019"
4,"spotify:track:1BxfuPKGuaTgP7aM0Bbdwr","Taylor Swift","Cruel Summer","Taylor Swift",2,4,25,"31440680"
5,"spotify:track:3k79jB4aGmMDUQzEwa46Rz","Olivia Rodrigo","vampire","Olivia Rodrigo PS",1,3,4,"31102434"
6,"spotify:track:6wf7Yu7cxBSPrRlWeSeK0Q","Billie Eilish","What Was I Made For? [From The Motion Picture ""Barbie""]","Darkroom/Interscope Records",6,18,2,"30975425"
7,"spotify:track:741UUVE2kuITl0c6zuqqbO","Nicki Minaj, Ice Spice, Aqua","Barbie World (with Aqua) [From Barbie The Album]","Atlantic Records",7,45,5,"30066257"
8,"spotify:track:1vYXt7VSjH9JIM5oRRo7vA","Dua Lipa","Dance The Night - From Barbie The Album","Atlantic Records",8,30,9,"29079595"
9,"spotify:track:5sdQOyqq2IDhvmx2lHOpwd","NewJeans","Super Shy","ADOR",9,12,3,"28439942"
10,"spotify:track:6XbtvPmIpyCbjuT0e8cQtp","Quevedo","Columbia","Rimas Entertainment LLC.",8,8,3,"27367357"
11,"spotify:track:2FDTHlrBguDzQkp7PVj16Q","Dave, Central Cee","Sprinter","Neighbourhood Records (UMG UK / UMUK)",6,6,8,"25985244"
12,"spotify:track:4rXLjWdF2ZZpXCVTfWcshS","Gunna","fukumean","300 Entertainment",9,9,6,"25894699"
13,"spotify:track:7ro0hRteUMfnOioTFI5TG1","Bad Bunny","WHERE SHE GOES","Rimas Entertainment LLC",2,5,10,"23889428"
14,"spotify:track:3qQbCzHBycnDpGskqOWY0E","Eslabon Armado, Peso Pluma","Ella Baila Sola","DEL Records",1,7,19,"23141180"
15,"spotify:track:6pD0ufEQq0xdHSsRbg9LBK","Grupo Frontera, Bad Bunny","un x100to","Rimas Entertainment LLC.",1,11,15,"22234994"
16,"spotify:track:2UW7JaomAMuX9pZrjVpHAU","Yng Lvcas, Peso Pluma","La Bebe - Remix","WM Mexico",3,10,19,"21861102"
17,"spotify:track:1odExI7RdWc4BT515LTAwj","David Kushner","Daylight","Miserable Music Group",5,14,15,"21691122"
18,"spotify:track:4DHcnVTT87F0zZhRPYmZ3B","Miley Cyrus","Flowers","Columbia",1,13,28,"21180831"
19,"spotify:track:4Dvkj6JhhA12EX05fT7y2e","Harry Styles","As It Was","Columbia",1,15,69,"20968998"
20,"spotify:track:1Qrg8KqiBpW07V7PNxwwwL","SZA","Kill Bill","Top Dawg Entertainment/RCA Records",1,16,33,"20557511"
21,"spotify:track:7FbrGaHYVDmfr7KoLIZnQ7","FIFTY FIFTY","Cupid - Twin Version","SME Korea Inc.",4,17,19,"18645124"
22,"spotify:track:6XSqqQIy7Lm7SnwxS4NrGx","Feid, Young Miko","CLASSY 101","UMLE - Latino",8,19,17,"17226243"
23,"spotify:track:7mXuWTczZNxG5EDcjFEuJR","Peso Pluma, Gabito Ballesteros, Junior H","LADY GAGA","Double P Records",9,21,5,"16952391"
24,"spotify:track:6WzRpISELf3YglGAh7TXcG","The Weeknd, Playboi Carti, Madonna","Popular (with Playboi Carti & Madonna) - From The Idol Vol. 1 (Music from the HBO Original Series)","XO / Republic Records",16,25,8,"16784286"
25,"spotify:track:5XeFesFbtLpXzIVDNQP22n","Arctic Monkeys","I Wanna Be Yours","Domino Recording Co",20,23,55,"16783669"
26,"spotify:track:3Ua0m0YmEjrMi9XErKcNiR","Jimin","Like Crazy","BIGHIT MUSIC",15,20,18,"16104961"
27,"spotify:track:7K3BhSpAxZBznislvUMVtn","Morgan Wallen","Last Night","Morgan Wallen",14,29,25,"15662133"
28,"spotify:track:02wk5BttM0QL38ERjLPQJB","NewJeans","Cool With You","ADOR",28,-1,1,"15540148"
29,"spotify:track:1UMm1Qs3u59Wvk53zBUE8r","Fuerza Regida","SABOR FRESA","Rancho Humilde/Street Mob Records",15,26,5,"15537914"
30,"spotify:track:1s7oOCT8vauUh01PbJD6ps","Rema, Selena Gomez","Calm Down (with Selena Gomez)","Mavin Records / Jonzing World",9,27,48,"15315092"
31,"spotify:track:4eMKD8MRroxCqugpsxCCNb","Tainy, Bad Bunny","MOJABI GHOST","NEON16, LLC",12,28,4,"15106920"
32,"spotify:track:7bPp2NmpmyhLJ7zWazAXMu","Peso Pluma, Grupo Frontera","TULUM","Double P Records",30,32,4,"15064913"
33,"spotify:track:2dHHgzDwk4BJdRwy9uXhTO","Metro Boomin, The Weeknd, 21 Savage","Creepin' (with The Weeknd & 21 Savage)","Republic Records",2,33,34,"14896904"
34,"spotify:track:6rdkCkjk6D12xRpdMXy0I2","NewJeans","New Jeans","ADOR",34,105,3,"14777089"
35,"spotify:track:5AqiaZwhmC6dIbgWrD5SzV","Bizarrap, Peso Pluma","Peso Pluma: Bzrp Music Sessions, Vol. 55/66","DALE PLAY Records",2,24,9,"14619979"
36,"spotify:track:0V3wPSX9ygBnCm8psDIegu","Taylor Swift","Anti-Hero","Taylor Swift",1,34,40,"14538303"
37,"spotify:track:0RiRZpuVRbi7oqRdSMwhQY","Post Malone, Swae Lee","Sunflower - Spider-Man: Into the Spider-Verse","Republic Records",1,42,242,"14383801"
38,"spotify:track:56v8WEnGzLByGsDAXDiv4d","NewJeans","ETA","ADOR",38,-1,1,"14339850"
39,"spotify:track:1u8c2t2Cy7UBoG4ArRcF5g","Taylor Swift","Blank Space","Taylor Swift",34,38,85,"14335090"
40,"spotify:track:4uUG5RXrOk84mYEfFvj3cK","David Guetta, Bebe Rexha","I'm Good (Blue)","Parlophone UK",2,43,48,"14158466"
41,"spotify:track:3xIMkM5LgbVDkpO74O3Np3","Troye Sivan","Rush","EMI Recorded Music Australia Pty Ltd",31,31,2,"14140147"
42,"spotify:track:7KA4W4McWYRpgf0fWsJZWB","Tyler, The Creator, Kali Uchis","See You Again (feat. Kali Uchis)","Columbia",16,44,22,"14057442"
43,"spotify:track:0DWdj2oZMBFSzRsi2Cvfzf","KAROL G, Shakira","TQG","BICHOTA RECORDS / INTERSCOPE RECORDS / UNIVERSAL MUSIC LATINO",1,35,22,"14026566"
44,"spotify:track:0ug5NqcwcFR2xrfTkc7k8e","Taylor Swift","Style","Taylor Swift",38,39,19,"14017512"
45,"spotify:track:4W4fNrZYkobj539TOWsLO2","The Weeknd, Ariana Grande","Die For You (with Ariana Grande) - Remix","XO / Republic Records",2,50,22,"13823903"
46,"spotify:track:4fYte8ZvTK14NEhAOZocBi","OneRepublic","I Ain't Worried","Mosley Music/Interscope Records",7,47,60,"13792824"
47,"spotify:track:368eeEO3Y2uZUQ6S5oIjcu","Fuerza Regida","TQM","Rancho Humilde/Street Mob Records",9,40,10,"13711259"
48,"spotify:track:1Hs1uUl8o2VtDp1DABFq0O","LIT killah, Tiago PZK, Maria Becerra, Duki, Emilia, Rusherking, Big One, FMK","Los del Espacio","WEA Latina",19,36,8,"13676463"
49,"spotify:track:2LBqCSwhJGcFQeTHMVGwy3","The Weeknd","Die For You","The Weeknd/Lyric",12,48,76,"13628636"
50,"spotify:track:1daDRI9ahBonbWD8YcxOIB","Miley Cyrus","Angels Like You","RCA Records Label",24,46,19,"13544641"
51,"spotify:track:4JdSXF2p71cr8uCY3UiJM0","Yahritza Y Su Esencia, Grupo Frontera","Frágil","Lumbre Music/Columbia",37,37,15,"13472161"
52,"spotify:track:23RoR84KodL5HWvUTneQ1w","Peggy Gou","(It Goes Like) Nanana - Edit","XL Recordings",52,54,5,"13464483"
53,"spotify:track:1haJsMtoBhHfvuM7XWuT3W","Junior H, Peso Pluma","El Azul","WEA Latina",14,41,22,"13415047"
54,"spotify:track:609E1JCInJncactoMmkDon","ROSALÍA, Rauw Alejandro","BESO","Columbia Records/Duars Entertainment/Sony Music Latin",5,64,18,"13201860"
55,"spotify:track:7MXVkk9YMctZqd1Srtv4MB","The Weeknd, Daft Punk","Starboy","The Weeknd/Lyric",1,49,147,"13060115"
56,"spotify:track:5kHMfzgLZP95O9NBy0ku4v","Taylor Swift","I Can See You (Taylor’s Version) (From The Vault)","Taylor Swift",4,22,3,"12774109"
57,"spotify:track:0JmnkIqdlnUzPaf8sqBRs3","Kali Uchis","Moonlight","Geffen Records",37,57,20,"12759649"
58,"spotify:track:3BKD1PwArikchz2Zrlp1qi","David Guetta, Anne-Marie, Coi Leray","Baby Don't Hurt Me","Parlophone UK",48,52,16,"12673167"
59,"spotify:track:7jtQIBanIiJOMS6RyCx6jZ","Tom Odell","Another Love","ITNO/Columbia",15,55,120,"12354685"
60,"spotify:track:4R2kfaDFhslZEMJqAFNpdd","Taylor Swift","cardigan","Taylor Swift",1,60,31,"12346856"
61,"spotify:track:6AQbmUe0Qwf5PZnt4HmTXv","PinkPantheress, Ice Spice","Boy's a liar Pt. 2","Warner Records",3,62,25,"12102145"
62,"spotify:track:3tt9i3Hhzq84dPS8H7iSiJ","Manuel Turizo","La Bachata","Sony Music Latin/La Industria",4,58,56,"12009081"
63,"spotify:track:0fABszUFNbNq9IW503Gj8v","DENNIS, MC Kevin o Chris","Tá OK","Sony Music Entertainment",41,61,8,"11847190"
64,"spotify:track:0VjIjW4GlUZAMYd2vXMi3b","The Weeknd","Blinding Lights","Republic Records",1,56,191,"11744781"
65,"spotify:track:5fpyAakgFOm4YTXkgfPzvV","NewJeans","ASAP","ADOR",65,-1,1,"11724653"
66,"spotify:track:3AJwUDP919kvQ9QcozQPxg","Coldplay","Yellow","Parlophone UK",50,66,136,"11671694"
67,"spotify:track:505v13epFXodT9fVAJ6h8k","KAROL G","AMARGURA","BICHOTA RECORDS / INTERSCOPE RECORDS / UNIVERSAL MUSIC LATINO",53,53,10,"11424774"
68,"spotify:track:1mea3bSkSGXuIRvnydlB5b","Coldplay","Viva La Vida","Parlophone UK",57,76,48,"11394231"
69,"spotify:track:2QjOHCTQ1Jl3zawyYOpxh6","The Neighbourhood","Sweater Weather","Columbia",19,74,152,"11328799"
70,"spotify:track:5odlY52u43F5BjByhxg7wg","JVKE","golden hour","JVKE",14,73,48,"11326934"
71,"spotify:track:4PA1wK0leCjmRZlP5dQ8Lv","Sky Rompiendo, Feid, Myke Towers","El Cielo","Sony Music Latin",18,51,8,"11308727"
72,"spotify:track:3USxtqRwSYz57Ewm6wWRMp","Glass Animals","Heat Waves","Polydor Records",1,72,135,"11145124"
73,"spotify:track:5VxmI3IdgAxWVvUnJoLuY2","Charli xcx","Speed Drive (From Barbie The Album)","Atlantic Records",73,-1,1,"11115785"
74,"spotify:track:0dS2u2UFd88TIzDDaZDLvS","d4vd","Here With Me","Darkroom/Interscope Records",14,77,39,"11093634"
75,"spotify:track:26b3oVLrRUaaybJulow9kz","Libianca","People","5K Records Limited",37,68,28,"11041951"
76,"spotify:track:567e29TDzLwZwfDuEpGTwo","The Kid LAROI, Justin Bieber","STAY (with Justin Bieber)","Columbia",1,85,107,"11004577"
77,"spotify:track:7KokYm8cMIXCsGVmUvKtqf","Taylor Swift","Karma","Taylor Swift",8,67,22,"10991606"
78,"spotify:track:1Y3LN4zO1Edc2EluIoSPJN","Stephen Sanchez, Em Beihold","Until I Found You (with Em Beihold) - Em Beihold Version","Republic Records",10,82,34,"10918647"
79,"spotify:track:2tTmW7RDtMQtBk7m2rYeSw","Bizarrap, Quevedo","Quevedo: Bzrp Music Sessions, Vol. 52/66","DALE PLAY Records",1,75,55,"10842835"
80,"spotify:track:22VHOlVYBqytsrAqV8yXBK","Noah Kahan, Post Malone","Dial Drunk (with Post Malone)","Mercury Records/Republic Records",80,-1,1,"10782828"
81,"spotify:track:7EpOXgSRgnglRWr86pZfGU","KAROL G","S91","Bichota/Interscope Records",59,59,2,"10744912"
82,"spotify:track:1Lo0QY9cvc8sUB2vnIOxDT","Luke Combs","Fast Car","River House Artists/Columbia Nashville",82,91,16,"10731099"
83,"spotify:track:2uhw2oYbugGJbn10wipNX5","Mc Livinho, DJ Matt D","Novidade na Área","MBB Diamond",83,83,4,"10730990"
84,"spotify:track:7yq4Qj7cqayVTp3FF9CWbm","Vance Joy","Riptide","F-Stop Records/Atlantic",81,81,128,"10674249"
85,"spotify:track:1zsPaEkglFvxjAhrM8yhpr","Ozuna, Feid","Hey Mor","Aura Music Corp.",14,65,41,"10629616"
86,"spotify:track:1wUnuiXMMvhudmzvcCtlZP","NewJeans","Get Up","ADOR",86,-1,1,"10571427"
87,"spotify:track:7qEHsqek33rTcFNT9PFqLf","Lewis Capaldi","Someone You Loved","Vertigo Berlin",4,87,237,"10388275"
88,"spotify:track:6Sq7ltF9Qa7SNFBsV5Cogx","Bad Bunny, Chencho Corleone","Me Porto Bonito","Rimas Entertainment LLC",2,88,64,"10373727"
89,"spotify:track:21N77gfWYoQDvrLvaeiQgi","Rauw Alejandro, Bizarrap","BABY HELLO","Sony Music Latin/Duars Entertainment",51,71,5,"10302915"
90,"spotify:track:51FvjPEGKq2zByeeEQ43V9","Marshmello, Manuel Turizo","El Merengue","Sony Music Latin",59,86,21,"10281903"
91,"spotify:track:1FEiijYPJtyswChfcpv3p0","Lana Del Rey","Summertime Sadness","Polydor Records",91,99,50,"10276986"
92,"spotify:track:6njJR3OIp3oA0Kc4aC9Tzf","S3BZS, Mc Gw, Mc Menor Do Alvorada","MONTAGEM - PR FUNK","S3BZS",90,90,5,"10269495"
93,"spotify:track:73RbfOTJIjHzi2pcVHjeHM","Doechii","What It Is (Solo Version)","Top Dawg Entertainment/Capitol Records",92,92,7,"10217361"
94,"spotify:track:6dgUya35uo964z7GZXM07g","Sabrina Carpenter","Nonsense","Island Records",17,123,28,"10144187"
95,"spotify:track:25OeKzcqakFPaJlXHPE5lm","Carín León","Primera Cita","Socios Music, LLC",95,106,4,"10112874"
96,"spotify:track:0NZPBYD5qbEWRs3PrGiRkT","Sam Smith, Kim Petras","Unholy (feat. Kim Petras)","Capitol Records UK / EMI",1,78,44,"10049667"
97,"spotify:track:4FAKtPVycI4DxoOHC01YqD","Yandel, Feid","Yandel 150","La Leyenda LLC",8,79,29,"9989899"
98,"spotify:track:6GGtHZgBycCgGBUhZo81xe","Lana Del Rey","Say Yes To Heaven","Polydor Records",18,97,10,"9983292"
99,"spotify:track:4iZ4pt7kvcaH6Yo8UoZ4s2","SZA","Snooze","Top Dawg Entertainment/RCA Records",32,98,31,"9835012"
100,"spotify:track:2eAvDnpXP5W0cVtiI0PUxV","Ruth B.","Dandelions","Columbia",34,108,102,"9821063"
101,"spotify:track:6T7FXSuXykeGktMLGp8WgE","Lil Durk, J. Cole","All My Life (feat. J. Cole)","Alamo",17,96,11,"9791009"
102,"spotify:track:6JIC3hbC28JZKZ8AlAqX8h","Elton John, Dua Lipa, PNAU","Cold Heart - PNAU Remix","EMI",4,107,102,"9782153"
103,"spotify:track:7jPdqwZug0ovtDZsY5uK4T","Ryan Gosling","I'm Just Ken (From Barbie The Album)","Atlantic Records",103,-1,1,"9745816"
104,"spotify:track:0PB0O24JqAuNdOAFVJljMS","Eladio Carrion, Bad Bunny","Coco Chanel","Rimas Entertainment LLC",13,93,19,"9724272"
105,"spotify:track:1R0a2iXumgCiFb7HEZ7gUE","Taylor Swift","Don’t Blame Me","Taylor Swift",72,94,49,"9655809"
106,"spotify:track:3oNnzH6hmqIGIhJ1NcHlrh","Maria Becerra","CORAZÓN VACÍO","WEA Latina",80,80,5,"9638057"
107,"spotify:track:5JdLUE9D743ob2RtgmVpVx","Jain","Makeba","Columbia",60,89,7,"9630636"
108,"spotify:track:1dGr1c8CrMLDpV6mPbImSI","Taylor Swift","Lover","Taylor Swift",2,101,25,"9552350"
109,"spotify:track:4RvWPyQ5RL0ao9LPZeSouE","Tears For Fears","Everybody Wants To Rule The World","UMC (Universal Music Catalogue)",105,115,46,"9497926"
110,"spotify:track:3hUxzQpSfdDqwM3ZTFQY0K","Taylor Swift","august","Taylor Swift",11,120,25,"9493676"
111,"spotify:track:54ipXppHLA8U4yqpOFTUhr","Imagine Dragons","Bones","Kid Ina Korner / Interscope",26,109,72,"9398703"
112,"spotify:track:561jH07mF1jHuk7KlaeF0s","Eminem","Mockingbird","Eminem Catalog PS",24,104,41,"9391640"
113,"spotify:track:7j4OmvkjRz0PrjFADlHfQx","Adele","Set Fire to the Rain","XL Recordings",61,110,33,"9381452"
114,"spotify:track:2Hh3ETdQKrmSI3QS0hme7g","Metro Boomin, Future, Don Toliver","Too Many Nights (feat. Don Toliver & with Future)","Republic Records",33,102,23,"9377814"
115,"spotify:track:2HbKqm4o0w5wEeEFXm2sD4","Kendrick Lamar, Jay Rock","Money Trees","Aftermath",62,111,28,"9358515"
116,"spotify:track:5w40ZYhbBMAlHYNDaVJIUu","Post Malone","Chemical","Mercury Records/Republic Records",18,103,15,"9308302"
117,"spotify:track:1MB8kTH7VKvAMfL9SHgJmG","Sebastian Yatra, Manuel Turizo, Beéle","Vagabundo","UMLE - Latino",117,119,10,"9302744"
118,"spotify:track:68Dni7IE4VyPkTOH9mRWHr","J. Cole","No Role Modelz","Roc Nation Records LLC",76,116,105,"9273065"
119,"spotify:track:65FftemJ1DbbZ45DUfHJXE","NewJeans","OMG","ADOR",14,132,30,"9218613"
120,"spotify:track:1DmW5Ep6ywYwxc2HMT5BG6","Loreen","Tattoo","Universal Music AB",11,117,11,"9204787"
121,"spotify:track:6UelLqGlWMcVH1E5c4H7lY","Harry Styles","Watermelon Sugar","Columbia",4,128,193,"9169135"
122,"spotify:track:3sW3oSbzsfecv9XoUdGs7h","Taylor Swift","Enchanted (Taylor's Version)","Taylor Swift",9,70,3,"9076274"
123,"spotify:track:3HOKxuTDmNVmIlCIpBiD8m","Peso Pluma, Jasiel Nuñez","LAGUNAS","Double P Records",113,113,5,"9033436"
124,"spotify:track:0u2P5u6lvoDfwTYjAADbn4","Billie Eilish, Khalid","lovely (with Khalid)","Darkroom",24,129,275,"9024803"
125,"spotify:track:0PZ04XgQ14FmKZBg3Gxlhr","Lana Del Rey","Radio","Polydor Records",125,133,5,"8945474"
126,"spotify:track:5eTaQYBE1yrActixMAeLcZ","Calvin Harris, Ellie Goulding","Miracle (with Ellie Goulding)","Columbia",63,122,20,"8937103"
127,"spotify:track:1xK59OXxi2TAAAbmZK0kBL","d4vd","Romantic Homicide","Darkroom/Interscope Records",17,140,47,"8868224"
128,"spotify:track:3hRV0jL3vUpRrcy398teAU","Lord Huron","The Night We Met","Lord Huron",55,168,40,"8851330"
129,"spotify:track:26cvTWJq2E1QqN4jyH2OTU","Anggi Marito","Tak Segampang Itu","PT. Universal Music Indonesia",70,112,13,"8850081"
130,"spotify:track:3k3NWokhRRkEPhCzPmV8TW","Bad Bunny, Bomba Estéreo","Ojitos Lindos","Rimas Entertainment LLC",3,147,64,"8824713"
131,"spotify:track:0tgVpDi06FyKpA1z0VMD4v","Ed Sheeran","Perfect","Atlantic Records UK",4,139,332,"8756252"
132,"spotify:track:2VzCjpKvPB1l1tqLndtAQa","Peso Pluma","Por Las Noches","Worms Music",25,125,22,"8753864"
133,"spotify:track:0pqnGHJpmpxLKifKRmU6WP","Imagine Dragons","Believer","Kid Ina Korner / Interscope",16,141,338,"8717895"
134,"spotify:track:6Um358vY92UBv5DloTRX9L","Carín León, Grupo Frontera","Que Vuelvas","BorderKid Records/Sony Music Latin",36,124,30,"8690784"
135,"spotify:track:50x1Ic8CaXkYNvjmxe3WXy","New West","Those Eyes","Republic Records",86,149,30,"8677667"
136,"spotify:track:22skzmqfdWrjJylampe0kt","Macklemore, Ryan Lewis, Macklemore & Ryan Lewis, Ray Dalton","Can't Hold Us (feat. Ray Dalton)","Macklemore",107,127,76,"8674419"
137,"spotify:track:5wG3HvLhF6Y5KTGlK0IW3J","Metro Boomin, Travis Scott, Young Thug","Trance (with Travis Scott & Young Thug)","Republic Records",65,137,22,"8655927"
138,"spotify:track:7lQ8MOhq6IN2w8EYcFNSUk","Eminem","Without Me","Eminem Catalog PS",31,144,96,"8628213"
139,"spotify:track:1Vy9Wn5sbiduZKBqBlH3Mc","Vulgo FK, MC PH, Veigh, Pedro Lotto, Fepache","Ballena","Som Livre",139,-1,1,"8621806"
140,"spotify:track:4nrPB8O7Y7wsOCJdgXkthe","Bizarrap, Shakira","Shakira: Bzrp Music Sessions, Vol. 53/66","DALE PLAY Records",2,134,29,"8615870"
141,"spotify:track:2CeKVsFFXG4QzA415QygGb","Feid","Feliz Cumpleaños Ferxxo","UMLE - Latino",32,126,49,"8613855"
142,"spotify:track:58ge6dfP91o9oXMzq3XkIS","Arctic Monkeys","505","Domino Recording Co",43,135,82,"8604254"
143,"spotify:track:5Odq8ohlgIbQKMZivbWkEo","Charlie Puth, Jung Kook, BTS","Left and Right (Feat. Jung Kook of BTS)","Atlantic Records",7,63,52,"8572444"
144,"spotify:track:7MVIfkyzuUmQ716j8U7yGR","Milo j, Taiu","Rara Vez","Universal Music Argentina S.A.",40,118,22,"8561191"
145,"spotify:track:2hn2zOA2XFlv6DSmesylrL","Ryan Castro, Peso Pluma, SOG","QUEMA","Sony Music Latin",145,145,2,"8555878"
146,"spotify:track:2tpWsVSb9UEmDRxAl1zhX1","OneRepublic","Counting Stars","Mosley / Interscope",101,158,119,"8498032"
147,"spotify:track:4hKLzFvNwHF6dPosGT30ed","Veigh, Bvga Beatz, Prod Malax, Supernova Ent","Novo Balanço","Supernova Entertainment Under Exclusive License to UnitedMasters",133,142,9,"8492649"
148,"spotify:track:5gDWsRxpJ2lZAffh5p7K0w","The Weeknd, Lana Del Rey","Stargirl Interlude","The Weeknd/Lyric",111,146,52,"8464796"
149,"spotify:track:4uOBL4DDWWVx4RhYKlPbPC","i-dle","Queencard","Cube Entertainment",101,131,10,"8451417"
150,"spotify:track:0U9CZWq6umZsN432nh3WWT","Mc Pedrinho, DJ 900","Gol Bolinha, Gol Quadrado 2","GR6 Music",143,143,4,"8418530"
151,"spotify:track:3F5CgOj3wFlRv51JsHbxhe","Drake, 21 Savage","Jimmy Cooks (feat. 21 Savage)","OVO",7,157,58,"8357486"
152,"spotify:track:0ll8uFnc0nANY35E0Lfxvg","Keane","Somewhere Only We Know","Universal-Island Records Ltd.",120,148,40,"8330343"
153,"spotify:track:3kf0WdFOalKWBkCCLJo4mA","Chino Pacas","El Gordo Trae El Mando","Street Mob Records/PFL/Geffen Records",27,150,24,"8291586"
154,"spotify:track:5g7sDjBhZ4I3gcFIpkrLuI","Bruno Mars","Locked out of Heaven","Atlantic Records",106,155,59,"8289712"
155,"spotify:track:086myS9r57YsLbJpU0TgK9","Arctic Monkeys","Why'd You Only Call Me When You're High?","Domino Recording Co",104,178,86,"8245704"
156,"spotify:track:5IgjP7X4th6nMNDh4akUHb","Chris Brown","Under The Influence","Chris Brown Entertainment/RCA Records",6,160,53,"8241226"
157,"spotify:track:3KZCP2StVGdWkOKyRZNWA4","Plan B","Es un Secreto","Pina Records",157,197,5,"8224229"
158,"spotify:track:4uqJelb9THHmJ3OCohg4ZJ","AgroPlay, Ana Castela","Nosso Quadro","AgroPlay",50,154,23,"8174436"
159,"spotify:track:5FVd6KXrgO9B3JPmC8OPst","Arctic Monkeys","Do I Wanna Know?","Domino Recording Co",98,173,97,"8160368"
160,"spotify:track:2a1o6ZejUi8U3wzzOtCOYw","Don Omar, Lucenzo","Danza Kuduro","UMLE - Machete",104,153,12,"8143828"
161,"spotify:track:0cNSq9T5l8gZnpY14rsTR2","Peso Pluma, Natanael Cano","PRC","Double P Records",9,161,26,"8142488"
162,"spotify:track:1zv3WFUbZ5vPxFq9I2jAU1","Rihanna, Calvin Harris","We Found Love","Def Jam Recordings",59,169,24,"8139204"
163,"spotify:track:6f8wbdo8KU5ETWJA7lapgS","Peso Pluma","BYE","Double P Records",44,152,9,"8122968"
164,"spotify:track:1Ukxccao1BlWrPhYkcXbwZ","Laufey","From The Start","Laufey",164,-1,1,"8090053"
165,"spotify:track:0JXXNGljqupsJaZsgSbMZV","Miguel","Sure Thing","Jive",14,166,33,"8077856"
166,"spotify:track:6I3mqTwhRpn34SLVafSH7G","Justin Bieber","Ghost","RBMG/Def Jam",11,159,97,"8031883"
167,"spotify:track:1JSTJqkT5qHq8MDJnJbRE1","The Police","Every Breath You Take","Polydor Records",109,167,88,"8029947"
168,"spotify:track:4eBvRhTJ2AcxCsbfTUjoRp","Shubh","Cheques","SHUBH",168,186,2,"8012435"
169,"spotify:track:7qiZfU4dY1lWllzX7mPBI3","Ed Sheeran","Shape of You","Atlantic Records UK",1,180,327,"7991584"
170,"spotify:track:79uDOz0zuuWS7HWxzMmTa2","Taylor Swift","Back To December (Taylor's Version)","Taylor Swift",7,84,3,"7988422"
171,"spotify:track:228BxWXUYQPJrJYHDLOHkj","Daddy Yankee","Gasolina","Craft Latino",148,162,5,"7946922"
172,"spotify:track:3tiJUOfAEqIrLFRQgGgdoY","Big One, FMK, Ke Personajes","Un Finde | CROSSOVER #2","Fifty One",85,156,16,"7944013"
173,"spotify:track:1zi7xx7UVEFkmKfv06H8x0","Drake, Wizkid, Kyla","One Dance","Cash Money Records/Young Money Ent./Universal Rec.",12,163,153,"7928603"
174,"spotify:track:5QO79kh1waicV47BqGRL3g","The Weeknd","Save Your Tears","Republic Records",2,165,137,"7925646"
175,"spotify:track:3xKsf9qdS1CyvXSMEid6g8","Frank Ocean","Pink + White","Boys Don't Cry",151,187,10,"7920979"
176,"spotify:track:5O2P9iiztwhomNh8xkR9lJ","One Direction","Night Changes","Syco Music",108,181,60,"7911345"
177,"spotify:track:3AVrVz5rK8Hrqo9YGiVGN5","Cigarettes After Sex","Apocalypse","Partisan Records",89,185,54,"7899212"
178,"spotify:track:5ZrDlcxIDZyjOzHdYW1ydr","Aqua","Barbie Girl","Universal Music A/S",178,-1,1,"7898145"
179,"spotify:track:0otRX6Z89qKkHkQ9OqJpKt","James Arthur","Car's Outside","Columbia Local",179,184,4,"7889200"
180,"spotify:track:2qxmye6gAegTMjLKEBoR3d","Alec Benjamin","Let Me Down Slowly","2018",27,171,80,"7887250"
181,"spotify:track:3RA55zrRkyPK8Fd86hrMy8","Peso Pluma, Junior H","LUNA","Double P Records",18,121,5,"7874405"
182,"spotify:track:0B7wvvmu9EISAwZnOpjhNI","Bruno Mars","When I Was Your Man","Atlantic Records",72,170,48,"7861240"
183,"spotify:track:6RUKPb4LETWmmr3iAEQktW","The Chainsmokers, Coldplay","Something Just Like This","Disruptor Records/Columbia",2,-1,191,"7783693"
184,"spotify:track:1oWkcc7hQdVYPQMyQ6AFov","Natanael Cano","Mi Bello Angel","WEA Latina",79,151,4,"7768216"
185,"spotify:track:6zJejIfVYLgjud3lTk4DLB","Rosa Linn","SNAP","Nvak Collective",16,179,55,"7764425"
186,"spotify:track:5rurggqwwudn9clMdcchxT","Metro Boomin, Swae Lee, NAV, A Boogie Wit da Hoodie","Calling (Spider-Man: Across the Spider-Verse) (Metro Boomin & Swae Lee, NAV, feat. A Boogie Wit da Hoodie)","Republic Records",14,136,8,"7760702"
187,"spotify:track:2NFadq6pUeiVEihLvUlOSr","Bizarrap, Rauw Alejandro","Rauw Alejandro: Bzrp Music Sessions, Vol. 56/66","DALE PLAY Records",14,130,5,"7720950"
188,"spotify:track:37F0uwRSrdzkBiuj0D5UHI","The Weeknd","Reminder","The Weeknd/Lyric",65,176,33,"7684917"
189,"spotify:track:0cqRj7pUJDkTCEsJkx8snD","Taylor Swift","Shake It Off","Taylor Swift",143,177,12,"7667898"
190,"spotify:track:5IAESfJjmOYu7cHyX557kz","BTS","Take Two","BIGHIT MUSIC",4,100,7,"7649992"
191,"spotify:track:4Z2i41GDQyu3KRpBavEnyR","Ana Castela","Solteiro Forçado - Boiadeira Internacional","AgroPlay do Brasil",191,-1,1,"7622267"
192,"spotify:track:3sqrvkNC6IPTIXvvbx9Arw","Taylor Swift","Enchanted","Taylor Swift",55,164,30,"7588640"
193,"spotify:track:5qaEfEh1AtSdrdrByCP7qR","Imagine Dragons","Demons","Kid Ina Korner / Interscope",147,174,38,"7582896"
194,"spotify:track:3dYD57lRAUcMHufyqn9GcI","Hozier","Take Me To Church","Universal-Island Records Ltd.",108,190,106,"7574783"
195,"spotify:track:0nrRP2bk19rLc0orkWPQk2","Avicii","Wake Me Up","Pophouse Entertainment Group",13,-1,92,"7565311"
196,"spotify:track:0IKeDy5bT9G0bA7ZixRT4A","Fuerza Regida, Grupo Frontera","Bebe Dame","Rancho Humilde/Street Mob Records",20,191,29,"7537535"
197,"spotify:track:6TBzRwnX2oYd8aOrOuyK1p","Oscar Maydon, Junior H","Fin de Semana","Rancho Humilde",45,182,28,"7527540"
198,"spotify:track:2WfaOiMkCvy7F5fcp2zZ8L","a-ha","Take on Me","Rhino",127,200,10,"7518142"
199,"spotify:track:5nujrmhLynf4yMoMtj8AQF","Dua Lipa, DaBaby","Levitating (feat. DaBaby)","Warner Records",4,-1,116,"7504989"
200,"spotify:track:3CRDbSIZ4r5MsZ0YwxuEkn","Twenty One Pilots","Stressed Out","Fueled By Ramen",63,-1,42,"7459466"
